{"type": "FeatureCollection", "metadata": {"generated": 1676595906}, "features": [{"type": "Feature", "properties": {"device_id": "7898a649-2ab1-11eb-a349-737b2bdb208a", "id": "100225", "timestamp": 1675871066.212, "date": "2023-02-08 15:44:26.212000", "move_type": "move_stop", "coordinates": [-112.794721, 49.725848, 4]}, "geometry": {"type": "Point", "coordinates": [-112.794721, 49.725848, 4]}, "id": "100225"}, {"type": "Feature", "properties": {"device_id": "2fc12b18-1fa7-11eb-a55d-97c41250849c", "id": "100234", "timestamp": 1675872564.156, "date": "2023-02-08 16:09:24.156000", "move_type": "geofence_enter", "coordinates": [-122.935419, 49.179167, 4]}, "geometry": {"type": "Point", "coordinates": [-122.935419, 49.179167, 4]}, "id": "100234"}, {"type": "Feature", "properties": {"device_id": "2fbc6f88-1fa7-11eb-a349-737b2bdb208a", "id": "100236", "timestamp": 1675870827.148, "date": "2023-02-08 15:40:27.148000", "move_type": "geofence_exit", "coordinates": [-113.9207324, 51.0239948, 4]}, "geometry": {"type": "Point", "coordinates": [-113.9207324, 51.0239948, 4]}, "id": "100236"}, {"type": "Feature", "properties": {"device_id": "5088f9ec-0734-11eb-a55d-97c41250849c", "id": "100242", "timestamp": 1675871434.0, "date": "2023-02-08 15:50:34", "move_type": "geofence_exit", "coordinates": [-113.945041, 50.955512, 4]}, "geometry": {"type": "Point", "coordinates": [-113.945041, 50.955512, 4]}, "id": "100242"}, {"type": "Feature", "properties": {"device_id": "2fc82fc2-1fa7-11eb-b007-d11c53dbbbe5", "id": "100274", "timestamp": 1675870975.542, "date": "2023-02-08 15:42:55.542000", "move_type": "move_stop", "coordinates": [-113.9913392, 51.0925824, 4]}, "geometry": {"type": "Point", "coordinates": [-113.9913392, 51.0925824, 4]}, "id": "100274"}, {"type": "Feature", "properties": {"device_id": "93caa4dc-1aeb-11eb-a55d-97c41250849c", "id": "100308", "timestamp": 1675870164.607, "date": "2023-02-08 15:29:24.607000", "move_type": "move_stop", "coordinates": [-113.946307, 50.956552, 4]}, "geometry": {"type": "Point", "coordinates": [-113.946307, 50.956552, 4]}, "id": "100308"}, {"type": "Feature", "properties": {"device_id": "8c99709e-0f8e-11ea-ad87-7382a209401a", "id": "100320", "timestamp": 1675870516.529, "date": "2023-02-08 15:35:16.529000", "move_type": "move_stop", "coordinates": [-79.6744379, 43.8166595, 4]}, "geometry": {"type": "Point", "coordinates": [-79.6744379, 43.8166595, 4]}, "id": "100320"}, {"type": "Feature", "properties": {"device_id": "55ccf5f0-0d58-11ea-b19c-bb3f8cadaaaf", "id": "100396", "timestamp": 1675871650.079, "date": "2023-02-08 15:54:10.079000", "move_type": "move_stop", "coordinates": [-79.6743156, 43.7393909, 4]}, "geometry": {"type": "Point", "coordinates": [-79.6743156, 43.7393909, 4]}, "id": "100396"}, {"type": "Feature", "properties": {"device_id": "0421dc1a-074f-11ea-ad87-7382a209401a", "id": "100419", "timestamp": 1675870471.484, "date": "2023-02-08 15:34:31.484000", "move_type": "move_start", "coordinates": [-79.666942, 43.809685, 4]}, "geometry": {"type": "Point", "coordinates": [-79.666942, 43.809685, 4]}, "id": "100419"}, {"type": "Feature", "properties": {"device_id": "d38448e4-f868-11e9-b19c-bb3f8cadaaaf", "id": "100430", "timestamp": 1675871354.529, "date": "2023-02-08 15:49:14.529000", "move_type": "move_start", "coordinates": [-79.635577, 43.63474, 4]}, "geometry": {"type": "Point", "coordinates": [-79.635577, 43.63474, 4]}, "id": "100430"}, {"type": "Feature", "properties": {"device_id": "69e7a784-1514-11ea-9ab5-776f385c1306", "id": "100441", "timestamp": 1675870665.9, "date": "2023-02-08 15:37:45.900000", "move_type": "geofence_exit", "coordinates": [-79.667597, 43.816931, 4]}, "geometry": {"type": "Point", "coordinates": [-79.667597, 43.816931, 4]}, "id": "100441"}, {"type": "Feature", "properties": {"device_id": "8869ea89-0a52-11ea-ad8a-37f5b00e5d13", "id": "100447", "timestamp": 1675869966.263, "date": "2023-02-08 15:26:06.263000", "move_type": "move_stop", "coordinates": [-79.642544, 43.779975, 4]}, "geometry": {"type": "Point", "coordinates": [-79.642544, 43.779975, 4]}, "id": "100447"}, {"type": "Feature", "properties": {"device_id": "24f9022c-09a3-11eb-b007-d11c53dbbbe5", "id": "101069", "timestamp": 1675871340.758, "date": "2023-02-08 15:49:00.758000", "move_type": "move_stop", "coordinates": [-113.945812, 50.956277, 4]}, "geometry": {"type": "Point", "coordinates": [-113.945812, 50.956277, 4]}, "id": "101069"}, {"type": "Feature", "properties": {"device_id": "f5dd7eb5-f5ff-11e9-b19c-bb3f8cadaaaf", "id": "101227", "timestamp": 1675871187.954, "date": "2023-02-08 15:46:27.954000", "move_type": "geofence_enter", "coordinates": [-79.669108, 43.811405, 4]}, "geometry": {"type": "Point", "coordinates": [-79.669108, 43.811405, 4]}, "id": "101227"}, {"type": "Feature", "properties": {"device_id": "7cbe0c03-04ea-11eb-a349-737b2bdb208a", "id": "101271", "timestamp": 1675871411.731, "date": "2023-02-08 15:50:11.731000", "move_type": "move_stop", "coordinates": [-113.951302, 51.006336, 4]}, "geometry": {"type": "Point", "coordinates": [-113.951302, 51.006336, 4]}, "id": "101271"}, {"type": "Feature", "properties": {"device_id": "447d0a46-3891-11ea-ad87-7382a209401a", "id": "101380", "timestamp": 1675870252.0, "date": "2023-02-08 15:30:52", "move_type": "geofence_exit", "coordinates": [-79.629374, 43.765016, 4]}, "geometry": {"type": "Point", "coordinates": [-79.629374, 43.765016, 4]}, "id": "101380"}, {"type": "Feature", "properties": {"device_id": "ca9b26f8-147b-11ea-ad8a-37f5b00e5d13", "id": "101392", "timestamp": 1675870687.992, "date": "2023-02-08 15:38:07.992000", "move_type": "move_stop", "coordinates": [-79.4919956, 43.7903331, 4]}, "geometry": {"type": "Point", "coordinates": [-79.4919956, 43.7903331, 4]}, "id": "101392"}, {"type": "Feature", "properties": {"device_id": "ffd24cd8-0be5-11ea-9ab5-776f385c1306", "id": "101691", "timestamp": 1675872078.573, "date": "2023-02-08 16:01:18.573000", "move_type": "geofence_exit", "coordinates": [-79.726708, 43.702363, 4]}, "geometry": {"type": "Point", "coordinates": [-79.726708, 43.702363, 4]}, "id": "101691"}, {"type": "Feature", "properties": {"device_id": "37c149c2-9957-11ea-9ab5-776f385c1306", "id": "101719", "timestamp": 1675871416.0, "date": "2023-02-08 15:50:16", "move_type": "geofence_enter", "coordinates": [-80.914089, 46.540138, 4]}, "geometry": {"type": "Point", "coordinates": [-80.914089, 46.540138, 4]}, "id": "101719"}, {"type": "Feature", "properties": {"device_id": "c5d03630-0fb7-11ea-9ab5-776f385c1306", "id": "101760", "timestamp": 1675870183.493, "date": "2023-02-08 15:29:43.493000", "move_type": "move_start", "coordinates": [-79.80781, 43.717154, 4]}, "geometry": {"type": "Point", "coordinates": [-79.80781, 43.717154, 4]}, "id": "101760"}, {"type": "Feature", "properties": {"device_id": "60aa0d8f-0a50-11ea-b19c-bb3f8cadaaaf", "id": "101763", "timestamp": 1675870926.646, "date": "2023-02-08 15:42:06.646000", "move_type": "geofence_enter", "coordinates": [-79.668121, 43.817827, 4]}, "geometry": {"type": "Point", "coordinates": [-79.668121, 43.817827, 4]}, "id": "101763"}, {"type": "Feature", "properties": {"device_id": "3fafe5ea-ee3d-11eb-bebe-6d76b3a402ca", "id": "101766", "timestamp": 1675870494.061, "date": "2023-02-08 15:34:54.061000", "move_type": "move_stop", "coordinates": [-79.727035, 43.702513, 4]}, "geometry": {"type": "Point", "coordinates": [-79.727035, 43.702513, 4]}, "id": "101766"}, {"type": "Feature", "properties": {"device_id": "1e3b6ae5-2b2b-11ea-ad87-7382a209401a", "id": "101771", "timestamp": 1675871007.666, "date": "2023-02-08 15:43:27.666000", "move_type": "move_stop", "coordinates": [-79.9121399, 43.5407185, 4]}, "geometry": {"type": "Point", "coordinates": [-79.9121399, 43.5407185, 4]}, "id": "101771"}, {"type": "Feature", "properties": {"device_id": "26eeb056-f14b-11eb-b164-7fb9a3b1d19d", "id": "101780", "timestamp": 1675870205.0, "date": "2023-02-08 15:30:05", "move_type": "geofence_enter", "coordinates": [-79.644296, 43.656191, 4]}, "geometry": {"type": "Point", "coordinates": [-79.644296, 43.656191, 4]}, "id": "101780"}, {"type": "Feature", "properties": {"device_id": "6c64b1fa-1fa7-11eb-a349-737b2bdb208a", "id": "101796", "timestamp": 1675870658.76, "date": "2023-02-08 15:37:38.760000", "move_type": "move_stop", "coordinates": [-122.6926882, 49.0698184, 4]}, "geometry": {"type": "Point", "coordinates": [-122.6926882, 49.0698184, 4]}, "id": "101796"}, {"type": "Feature", "properties": {"device_id": "c867ae73-05da-11ec-8acd-81100b62c955", "id": "101849", "timestamp": 1675870402.933, "date": "2023-02-08 15:33:22.933000", "move_type": "move_stop", "coordinates": [-113.947976, 50.961971, 4]}, "geometry": {"type": "Point", "coordinates": [-113.947976, 50.961971, 4]}, "id": "101849"}, {"type": "Feature", "properties": {"device_id": "433bb5c4-4b9c-11eb-8e58-8d6dfd10b82d", "id": "101877", "timestamp": 1675871108.0, "date": "2023-02-08 15:45:08", "move_type": "geofence_exit", "coordinates": [-122.701189, 49.235388, 4]}, "geometry": {"type": "Point", "coordinates": [-122.701189, 49.235388, 4]}, "id": "101877"}, {"type": "Feature", "properties": {"device_id": "eb432485-3fd2-11eb-8e58-8d6dfd10b82d", "id": "103815", "timestamp": 1675870742.892, "date": "2023-02-08 15:39:02.892000", "move_type": "move_start", "coordinates": [-113.9468, 50.95611, 4]}, "geometry": {"type": "Point", "coordinates": [-113.9468, 50.95611, 4]}, "id": "103815"}, {"type": "Feature", "properties": {"device_id": "c6ebf4ef-0ef9-11eb-b007-d11c53dbbbe5", "id": "103933", "timestamp": 1675869954.538, "date": "2023-02-08 15:25:54.538000", "move_type": "move_stop", "coordinates": [-113.652329, 53.560573, 4]}, "geometry": {"type": "Point", "coordinates": [-113.652329, 53.560573, 4]}, "id": "103933"}, {"type": "Feature", "properties": {"device_id": "606dcba2-ea46-11ea-a349-737b2bdb208a", "id": "104139", "timestamp": 1675870317.583, "date": "2023-02-08 15:31:57.583000", "move_type": "move_stop", "coordinates": [-113.9465252, 50.956651, 4]}, "geometry": {"type": "Point", "coordinates": [-113.9465252, 50.956651, 4]}, "id": "104139"}, {"type": "Feature", "properties": {"device_id": "f57f89d0-17ce-11eb-a349-737b2bdb208a", "id": "104170", "timestamp": 1675870918.708, "date": "2023-02-08 15:41:58.708000", "move_type": "move_start", "coordinates": [-113.284141, 53.57131, 4]}, "geometry": {"type": "Point", "coordinates": [-113.284141, 53.57131, 4]}, "id": "104170"}, {"type": "Feature", "properties": {"device_id": "e935b258-042a-11eb-b007-d11c53dbbbe5", "id": "104182", "timestamp": 1675871410.64, "date": "2023-02-08 15:50:10.640000", "move_type": "move_start", "coordinates": [-113.891506, 50.995034, 4]}, "geometry": {"type": "Point", "coordinates": [-113.891506, 50.995034, 4]}, "id": "104182"}, {"type": "Feature", "properties": {"device_id": "59752349-3fed-11eb-9063-81208eb7f7c8", "id": "104226", "timestamp": 1675871046.233, "date": "2023-02-08 15:44:06.233000", "move_type": "move_stop", "coordinates": [-113.99113, 51.08987, 4]}, "geometry": {"type": "Point", "coordinates": [-113.99113, 51.08987, 4]}, "id": "104226"}, {"type": "Feature", "properties": {"device_id": "c05be161-17d2-11eb-b007-d11c53dbbbe5", "id": "104341", "timestamp": 1675869874.857, "date": "2023-02-08 15:24:34.857000", "move_type": "move_stop", "coordinates": [-113.948023, 50.957288, 4]}, "geometry": {"type": "Point", "coordinates": [-113.948023, 50.957288, 4]}, "id": "104341"}, {"type": "Feature", "properties": {"device_id": "ed9fdf05-400a-11eb-8e58-8d6dfd10b82d", "id": "104371", "timestamp": 1675871312.022, "date": "2023-02-08 15:48:32.022000", "move_type": "geofence_enter", "coordinates": [-79.6677872, 43.817169, 4]}, "geometry": {"type": "Point", "coordinates": [-79.6677872, 43.817169, 4]}, "id": "104371"}, {"type": "Feature", "properties": {"device_id": "93a2d0fd-0a82-11ec-8ff6-db425ddf8ebd", "id": "123041", "timestamp": 1675870147.14, "date": "2023-02-08 15:29:07.140000", "move_type": "move_stop", "coordinates": [-79.665258, 43.818306, 4]}, "geometry": {"type": "Point", "coordinates": [-79.665258, 43.818306, 4]}, "id": "123041"}, {"type": "Feature", "properties": {"device_id": "0de600c6-72e0-11eb-bebe-6d76b3a402ca", "id": "123047", "timestamp": 1675870363.682, "date": "2023-02-08 15:32:43.682000", "move_type": "move_stop", "coordinates": [-113.32027, 49.72677, 4]}, "geometry": {"type": "Point", "coordinates": [-113.32027, 49.72677, 4]}, "id": "123047"}, {"type": "Feature", "properties": {"device_id": "022e97b8-f466-11e9-ad87-7382a209401a", "id": "133434", "timestamp": 1675870669.732, "date": "2023-02-08 15:37:49.732000", "move_type": "move_stop", "coordinates": [-79.575274, 43.704567, 4]}, "geometry": {"type": "Point", "coordinates": [-79.575274, 43.704567, 4]}, "id": "133434"}, {"type": "Feature", "properties": {"device_id": "86d4fcf4-fa4a-11e9-b19c-bb3f8cadaaaf", "id": "133481", "timestamp": 1675870654.191, "date": "2023-02-08 15:37:34.191000", "move_type": "move_stop", "coordinates": [-79.668995, 43.811324, 4]}, "geometry": {"type": "Point", "coordinates": [-79.668995, 43.811324, 4]}, "id": "133481"}, {"type": "Feature", "properties": {"device_id": "7ebcd145-0ef2-11eb-b007-d11c53dbbbe5", "id": "133551", "timestamp": 1675870241.383, "date": "2023-02-08 15:30:41.383000", "move_type": "move_stop", "coordinates": [-113.9921, 51.301542, 4]}, "geometry": {"type": "Point", "coordinates": [-113.9921, 51.301542, 4]}, "id": "133551"}, {"type": "Feature", "properties": {"device_id": "78c709bd-2ab1-11eb-b007-d11c53dbbbe5", "id": "133575", "timestamp": 1675871680.272, "date": "2023-02-08 15:54:40.272000", "move_type": "move_stop", "coordinates": [-104.755923, 50.437357, 4]}, "geometry": {"type": "Point", "coordinates": [-104.755923, 50.437357, 4]}, "id": "133575"}, {"type": "Feature", "properties": {"device_id": "0d8d0bba-fc4d-11ea-a349-737b2bdb208a", "id": "133642", "timestamp": 1675870416.889, "date": "2023-02-08 15:33:36.889000", "move_type": "move_stop", "coordinates": [-113.967348, 50.963694, 4]}, "geometry": {"type": "Point", "coordinates": [-113.967348, 50.963694, 4]}, "id": "133642"}, {"type": "Feature", "properties": {"device_id": "78a6899b-2ab1-11eb-a55d-97c41250849c", "id": "133658", "timestamp": 1675870372.8, "date": "2023-02-08 15:32:52.800000", "move_type": "move_stop", "coordinates": [-113.9547189, 50.9880948, 4]}, "geometry": {"type": "Point", "coordinates": [-113.9547189, 50.9880948, 4]}, "id": "133658"}, {"type": "Feature", "properties": {"device_id": "f4606f9d-1502-11ea-ad8a-37f5b00e5d13", "id": "133670", "timestamp": 1675871158.252, "date": "2023-02-08 15:45:58.252000", "move_type": "move_stop", "coordinates": [-79.667545, 43.802511, 4]}, "geometry": {"type": "Point", "coordinates": [-79.667545, 43.802511, 4]}, "id": "133670"}, {"type": "Feature", "properties": {"device_id": "46d1a22b-3618-11ea-ad8a-37f5b00e5d13", "id": "133674", "timestamp": 1675870290.751, "date": "2023-02-08 15:31:30.751000", "move_type": "move_stop", "coordinates": [-79.7039129, 43.7431412, 4]}, "geometry": {"type": "Point", "coordinates": [-79.7039129, 43.7431412, 4]}, "id": "133674"}, {"type": "Feature", "properties": {"device_id": "03dd4d81-fcac-11e9-b19c-bb3f8cadaaaf", "id": "133688", "timestamp": 1675870038.839, "date": "2023-02-08 15:27:18.839000", "move_type": "move_stop", "coordinates": [-79.665436, 43.808924, 4]}, "geometry": {"type": "Point", "coordinates": [-79.665436, 43.808924, 4]}, "id": "133688"}, {"type": "Feature", "properties": {"device_id": "a81f31a2-0bc9-11ea-9ab5-776f385c1306", "id": "133769", "timestamp": 1675870896.364, "date": "2023-02-08 15:41:36.364000", "move_type": "move_start", "coordinates": [-79.613367, 43.735424, 4]}, "geometry": {"type": "Point", "coordinates": [-79.613367, 43.735424, 4]}, "id": "133769"}, {"type": "Feature", "properties": {"device_id": "afbd253f-0fe4-11ea-9ab5-776f385c1306", "id": "133782", "timestamp": 1675871705.0, "date": "2023-02-08 15:55:05", "move_type": "geofence_enter", "coordinates": [-79.669545, 43.811349, 4]}, "geometry": {"type": "Point", "coordinates": [-79.669545, 43.811349, 4]}, "id": "133782"}, {"type": "Feature", "properties": {"device_id": "8f35b98d-03e8-11ea-b19c-bb3f8cadaaaf", "id": "133946", "timestamp": 1675871358.331, "date": "2023-02-08 15:49:18.331000", "move_type": "move_stop", "coordinates": [-79.673143, 43.746827, 4]}, "geometry": {"type": "Point", "coordinates": [-79.673143, 43.746827, 4]}, "id": "133946"}, {"type": "Feature", "properties": {"device_id": "517a7008-243f-11eb-a349-737b2bdb208a", "id": "133972", "timestamp": 1675871236.123, "date": "2023-02-08 15:47:16.123000", "move_type": "move_stop", "coordinates": [-112.783431, 49.745743, 4]}, "geometry": {"type": "Point", "coordinates": [-112.783431, 49.745743, 4]}, "id": "133972"}, {"type": "Feature", "properties": {"device_id": "082d438b-6a3f-11eb-bebe-6d76b3a402ca", "id": "133978", "timestamp": 1675870504.847, "date": "2023-02-08 15:35:04.847000", "move_type": "move_stop", "coordinates": [-113.8989955, 50.985938, 4]}, "geometry": {"type": "Point", "coordinates": [-113.8989955, 50.985938, 4]}, "id": "133978"}, {"type": "Feature", "properties": {"device_id": "17e66701-1a9b-11ea-9ab5-776f385c1306", "id": "134027", "timestamp": 1675871406.0, "date": "2023-02-08 15:50:06", "move_type": "geofence_enter", "coordinates": [-79.728098, 43.693702, 4]}, "geometry": {"type": "Point", "coordinates": [-79.728098, 43.693702, 4]}, "id": "134027"}, {"type": "Feature", "properties": {"device_id": "b1381f96-fa4a-11e9-b19c-bb3f8cadaaaf", "id": "134051", "timestamp": 1675870551.002, "date": "2023-02-08 15:35:51.002000", "move_type": "move_start", "coordinates": [-79.660201, 43.785793, 4]}, "geometry": {"type": "Point", "coordinates": [-79.660201, 43.785793, 4]}, "id": "134051"}, {"type": "Feature", "properties": {"device_id": "5772ad99-1ab8-11eb-a349-737b2bdb208a", "id": "134087", "timestamp": 1675871539.22, "date": "2023-02-08 15:52:19.220000", "move_type": "move_stop", "coordinates": [-114.027558, 51.11686, 4]}, "geometry": {"type": "Point", "coordinates": [-114.027558, 51.11686, 4]}, "id": "134087"}, {"type": "Feature", "properties": {"device_id": "3654a99b-124a-11eb-b007-d11c53dbbbe5", "id": "134111", "timestamp": 1675871202.82, "date": "2023-02-08 15:46:42.820000", "move_type": "move_stop", "coordinates": [-112.796755, 49.725411, 4]}, "geometry": {"type": "Point", "coordinates": [-112.796755, 49.725411, 4]}, "id": "134111"}, {"type": "Feature", "properties": {"device_id": "304142d8-1bb0-11ec-8acd-81100b62c955", "id": "134118", "timestamp": 1675871683.466, "date": "2023-02-08 15:54:43.466000", "move_type": "move_stop", "coordinates": [-80.337578, 43.157244, 4]}, "geometry": {"type": "Point", "coordinates": [-80.337578, 43.157244, 4]}, "id": "134118"}, {"type": "Feature", "properties": {"device_id": "cc932534-112c-11ea-ad87-7382a209401a", "id": "134167", "timestamp": 1675870120.621, "date": "2023-02-08 15:28:40.621000", "move_type": "move_stop", "coordinates": [-80.3421439, 43.1636253, 4]}, "geometry": {"type": "Point", "coordinates": [-80.3421439, 43.1636253, 4]}, "id": "134167"}, {"type": "Feature", "properties": {"device_id": "98502f18-fdde-11ea-a349-737b2bdb208a", "id": "134220", "timestamp": 1675872010.0, "date": "2023-02-08 16:00:10", "move_type": "geofence_enter", "coordinates": [-113.94685, 50.96189, 4]}, "geometry": {"type": "Point", "coordinates": [-113.94685, 50.96189, 4]}, "id": "134220"}, {"type": "Feature", "properties": {"device_id": "b1b959b8-299d-11ea-9ab5-776f385c1306", "id": "134256", "timestamp": 1675870733.746, "date": "2023-02-08 15:38:53.746000", "move_type": "move_stop", "coordinates": [-80.224586, 43.155921, 4]}, "geometry": {"type": "Point", "coordinates": [-80.224586, 43.155921, 4]}, "id": "134256"}, {"type": "Feature", "properties": {"device_id": "3fb72dba-fbe6-11e9-ad8a-37f5b00e5d13", "id": "134270", "timestamp": 1675870992.422, "date": "2023-02-08 15:43:12.422000", "move_type": "move_stop", "coordinates": [-79.702006, 43.678311, 4]}, "geometry": {"type": "Point", "coordinates": [-79.702006, 43.678311, 4]}, "id": "134270"}, {"type": "Feature", "properties": {"device_id": "0ce302ee-1e21-11eb-b007-d11c53dbbbe5", "id": "134286", "timestamp": 1675871714.898, "date": "2023-02-08 15:55:14.898000", "move_type": "geofence_exit", "coordinates": [-113.9616778, 50.961139, 4]}, "geometry": {"type": "Point", "coordinates": [-113.9616778, 50.961139, 4]}, "id": "134286"}, {"type": "Feature", "properties": {"device_id": "5032bfb3-0bc4-11ea-ad87-7382a209401a", "id": "134300", "timestamp": 1675871498.189, "date": "2023-02-08 15:51:38.189000", "move_type": "move_start", "coordinates": [-79.410903, 44.008215, 4]}, "geometry": {"type": "Point", "coordinates": [-79.410903, 44.008215, 4]}, "id": "134300"}, {"type": "Feature", "properties": {"device_id": "3ffdc8af-2f69-11eb-a349-737b2bdb208a", "id": "134333", "timestamp": 1675871430.264, "date": "2023-02-08 15:50:30.264000", "move_type": "move_start", "coordinates": [-113.946283, 50.961542, 4]}, "geometry": {"type": "Point", "coordinates": [-113.946283, 50.961542, 4]}, "id": "134333"}, {"type": "Feature", "properties": {"device_id": "612b4a4b-fce8-11e9-ad87-7382a209401a", "id": "134346", "timestamp": 1675870834.238, "date": "2023-02-08 15:40:34.238000", "move_type": "move_stop", "coordinates": [-79.019341, 43.8665419, 4]}, "geometry": {"type": "Point", "coordinates": [-79.019341, 43.8665419, 4]}, "id": "134346"}, {"type": "Feature", "properties": {"device_id": "aa33dbe4-f917-11e9-b19c-bb3f8cadaaaf", "id": "134413", "timestamp": 1675871796.044, "date": "2023-02-08 15:56:36.044000", "move_type": "geofence_exit", "coordinates": [-79.656417, 43.731871, 4]}, "geometry": {"type": "Point", "coordinates": [-79.656417, 43.731871, 4]}, "id": "134413"}, {"type": "Feature", "properties": {"device_id": "4b111ba3-074d-11ea-b19c-bb3f8cadaaaf", "id": "134418", "timestamp": 1675871753.342, "date": "2023-02-08 15:55:53.342000", "move_type": "geofence_exit", "coordinates": [-79.683973, 43.750761, 4]}, "geometry": {"type": "Point", "coordinates": [-79.683973, 43.750761, 4]}, "id": "134418"}, {"type": "Feature", "properties": {"device_id": "2b481948-fc50-11ea-b007-d11c53dbbbe5", "id": "134516", "timestamp": 1675871553.932, "date": "2023-02-08 15:52:33.932000", "move_type": "move_stop", "coordinates": [-113.949615, 50.956824, 4]}, "geometry": {"type": "Point", "coordinates": [-113.949615, 50.956824, 4]}, "id": "134516"}, {"type": "Feature", "properties": {"device_id": "47cce9d4-0e61-11eb-a55d-97c41250849c", "id": "134547", "timestamp": 1675870806.0, "date": "2023-02-08 15:40:06", "move_type": "geofence_exit", "coordinates": [-113.944931, 50.955175, 4]}, "geometry": {"type": "Point", "coordinates": [-113.944931, 50.955175, 4]}, "id": "134547"}, {"type": "Feature", "properties": {"device_id": "02b64e1f-0a43-11ea-b19c-bb3f8cadaaaf", "id": "134577", "timestamp": 1675871727.51, "date": "2023-02-08 15:55:27.510000", "move_type": "move_stop", "coordinates": [-79.640724, 43.800771, 4]}, "geometry": {"type": "Point", "coordinates": [-79.640724, 43.800771, 4]}, "id": "134577"}, {"type": "Feature", "properties": {"device_id": "02e67fb6-1479-11ea-ad87-7382a209401a", "id": "134595", "timestamp": 1675870284.631, "date": "2023-02-08 15:31:24.631000", "move_type": "move_stop", "coordinates": [-80.32116, 43.537709, 4]}, "geometry": {"type": "Point", "coordinates": [-80.32116, 43.537709, 4]}, "id": "134595"}, {"type": "Feature", "properties": {"device_id": "b0b7d3e9-ebd5-11ea-a349-737b2bdb208a", "id": "134614", "timestamp": 1675871352.705, "date": "2023-02-08 15:49:12.705000", "move_type": "move_stop", "coordinates": [-113.962975, 51.200038, 4]}, "geometry": {"type": "Point", "coordinates": [-113.962975, 51.200038, 4]}, "id": "134614"}, {"type": "Feature", "properties": {"device_id": "57ae41fa-4b8a-11eb-8e58-8d6dfd10b82d", "id": "134642", "timestamp": 1675869910.315, "date": "2023-02-08 15:25:10.315000", "move_type": "move_stop", "coordinates": [-114.015576, 51.148075, 4]}, "geometry": {"type": "Point", "coordinates": [-114.015576, 51.148075, 4]}, "id": "134642"}, {"type": "Feature", "properties": {"device_id": "6bf30142-2930-11ed-a26c-517d80f9b8da", "id": "134655", "timestamp": 1675870675.635, "date": "2023-02-08 15:37:55.635000", "move_type": "move_start", "coordinates": [-79.612892, 43.735485, 4]}, "geometry": {"type": "Point", "coordinates": [-79.612892, 43.735485, 4]}, "id": "134655"}, {"type": "Feature", "properties": {"device_id": "86aa2f21-2ab1-11eb-a55d-97c41250849c", "id": "134689", "timestamp": 1675871691.692, "date": "2023-02-08 15:54:51.692000", "move_type": "move_start", "coordinates": [-113.950429, 50.988481, 4]}, "geometry": {"type": "Point", "coordinates": [-113.950429, 50.988481, 4]}, "id": "134689"}, {"type": "Feature", "properties": {"device_id": "73344edc-0efb-11eb-a55d-97c41250849c", "id": "134742", "timestamp": 1675871629.211, "date": "2023-02-08 15:53:49.211000", "move_type": "move_stop", "coordinates": [-113.94673, 50.956922, 4]}, "geometry": {"type": "Point", "coordinates": [-113.94673, 50.956922, 4]}, "id": "134742"}, {"type": "Feature", "properties": {"device_id": "b36ba724-e8b6-11ea-a55d-97c41250849c", "id": "134798", "timestamp": 1675870791.307, "date": "2023-02-08 15:39:51.307000", "move_type": "move_stop", "coordinates": [-114.027489, 51.116744, 4]}, "geometry": {"type": "Point", "coordinates": [-114.027489, 51.116744, 4]}, "id": "134798"}, {"type": "Feature", "properties": {"device_id": "f0326efb-2c52-11ec-89dd-07b11e1a15a7", "id": "134830", "timestamp": 1675871293.577, "date": "2023-02-08 15:48:13.577000", "move_type": "move_stop", "coordinates": [-82.668464, 42.073862, 4]}, "geometry": {"type": "Point", "coordinates": [-82.668464, 42.073862, 4]}, "id": "134830"}, {"type": "Feature", "properties": {"device_id": "a8ec3637-34f0-11eb-a349-737b2bdb208a", "id": "134831", "timestamp": 1675870607.246, "date": "2023-02-08 15:36:47.246000", "move_type": "move_stop", "coordinates": [-113.486635, 53.472768, 4]}, "geometry": {"type": "Point", "coordinates": [-113.486635, 53.472768, 4]}, "id": "134831"}, {"type": "Feature", "properties": {"device_id": "a87ab941-0be6-11ea-ad8a-37f5b00e5d13", "id": "134938", "timestamp": 1675870764.839, "date": "2023-02-08 15:39:24.839000", "move_type": "move_stop", "coordinates": [-79.662111, 43.807005, 4]}, "geometry": {"type": "Point", "coordinates": [-79.662111, 43.807005, 4]}, "id": "134938"}, {"type": "Feature", "properties": {"device_id": "2833faab-0be6-11ea-b19c-bb3f8cadaaaf", "id": "134969", "timestamp": 1675870025.744, "date": "2023-02-08 15:27:05.744000", "move_type": "move_stop", "coordinates": [-79.67193, 43.816078, 4]}, "geometry": {"type": "Point", "coordinates": [-79.67193, 43.816078, 4]}, "id": "134969"}, {"type": "Feature", "properties": {"device_id": "42d6d3f3-f917-11e9-9ab5-776f385c1306", "id": "134984", "timestamp": 1675870225.03, "date": "2023-02-08 15:30:25.030000", "move_type": "geofence_enter", "coordinates": [-79.6678612, 43.8173303, 4]}, "geometry": {"type": "Point", "coordinates": [-79.6678612, 43.8173303, 4]}, "id": "134984"}, {"type": "Feature", "properties": {"device_id": "2091de08-0750-11ea-ad8a-37f5b00e5d13", "id": "135000", "timestamp": 1675870317.927, "date": "2023-02-08 15:31:57.927000", "move_type": "move_stop", "coordinates": [-79.669791, 43.812694, 4]}, "geometry": {"type": "Point", "coordinates": [-79.669791, 43.812694, 4]}, "id": "135000"}, {"type": "Feature", "properties": {"device_id": "c3bc05ea-0a42-11ea-9ab5-776f385c1306", "id": "135048", "timestamp": 1675871106.0, "date": "2023-02-08 15:45:06", "move_type": "geofence_enter", "coordinates": [-79.629292, 43.764171, 4]}, "geometry": {"type": "Point", "coordinates": [-79.629292, 43.764171, 4]}, "id": "135048"}, {"type": "Feature", "properties": {"device_id": "66382c48-2519-11ec-89dd-07b11e1a15a7", "id": "135073", "timestamp": 1675870693.861, "date": "2023-02-08 15:38:13.861000", "move_type": "geofence_enter", "coordinates": [-79.6697902, 43.8118044, 4]}, "geometry": {"type": "Point", "coordinates": [-79.6697902, 43.8118044, 4]}, "id": "135073"}, {"type": "Feature", "properties": {"device_id": "b22f47ee-2bfb-11ea-ad8a-37f5b00e5d13", "id": "135114", "timestamp": 1675871850.209, "date": "2023-02-08 15:57:30.209000", "move_type": "geofence_enter", "coordinates": [-79.859333, 43.549451, 4]}, "geometry": {"type": "Point", "coordinates": [-79.859333, 43.549451, 4]}, "id": "135114"}, {"type": "Feature", "properties": {"device_id": "c0b19df8-fea7-11e9-9ab5-776f385c1306", "id": "135141", "timestamp": 1675870303.835, "date": "2023-02-08 15:31:43.835000", "move_type": "move_stop", "coordinates": [-79.667165, 43.813766, 4]}, "geometry": {"type": "Point", "coordinates": [-79.667165, 43.813766, 4]}, "id": "135141"}, {"type": "Feature", "properties": {"device_id": "0e888047-0756-11ea-b19c-bb3f8cadaaaf", "id": "135146", "timestamp": 1675870052.017, "date": "2023-02-08 15:27:32.017000", "move_type": "move_start", "coordinates": [-79.649282, 43.764503, 4]}, "geometry": {"type": "Point", "coordinates": [-79.649282, 43.764503, 4]}, "id": "135146"}, {"type": "Feature", "properties": {"device_id": "6360a5a7-fa4b-11e9-ad8a-37f5b00e5d13", "id": "135231", "timestamp": 1675869872.352, "date": "2023-02-08 15:24:32.352000", "move_type": "move_stop", "coordinates": [-79.701965, 43.654537, 4]}, "geometry": {"type": "Point", "coordinates": [-79.701965, 43.654537, 4]}, "id": "135231"}, {"type": "Feature", "properties": {"device_id": "32ee4be8-eafb-11ea-a349-737b2bdb208a", "id": "135256", "timestamp": 1675870751.898, "date": "2023-02-08 15:39:11.898000", "move_type": "geofence_enter", "coordinates": [-79.7634774, 43.7967282, 4]}, "geometry": {"type": "Point", "coordinates": [-79.7634774, 43.7967282, 4]}, "id": "135256"}, {"type": "Feature", "properties": {"device_id": "67ec50db-fd1d-11e9-9ab5-776f385c1306", "id": "135272", "timestamp": 1675872558.371, "date": "2023-02-08 16:09:18.371000", "move_type": "geofence_exit", "coordinates": [-79.6365259, 43.6466492, 4]}, "geometry": {"type": "Point", "coordinates": [-79.6365259, 43.6466492, 4]}, "id": "135272"}, {"type": "Feature", "properties": {"device_id": "98beed8b-0a42-11ea-ad8a-37f5b00e5d13", "id": "135350", "timestamp": 1675869995.752, "date": "2023-02-08 15:26:35.752000", "move_type": "move_start", "coordinates": [-79.872864, 43.544226, 4]}, "geometry": {"type": "Point", "coordinates": [-79.872864, 43.544226, 4]}, "id": "135350"}, {"type": "Feature", "properties": {"device_id": "f4e86e23-fe9b-11e9-ad8a-37f5b00e5d13", "id": "135359", "timestamp": 1675870907.142, "date": "2023-02-08 15:41:47.142000", "move_type": "move_stop", "coordinates": [-79.6745137, 43.8150232, 4]}, "geometry": {"type": "Point", "coordinates": [-79.6745137, 43.8150232, 4]}, "id": "135359"}, {"type": "Feature", "properties": {"device_id": "44110d0b-f918-11e9-ad87-7382a209401a", "id": "135383", "timestamp": 1675871435.352, "date": "2023-02-08 15:50:35.352000", "move_type": "move_start", "coordinates": [-79.65421, 43.645272, 4]}, "geometry": {"type": "Point", "coordinates": [-79.65421, 43.645272, 4]}, "id": "135383"}, {"type": "Feature", "properties": {"device_id": "7e4be547-4b97-11eb-96f8-e3c2952d4d72", "id": "135406", "timestamp": 1675870791.0, "date": "2023-02-08 15:39:51", "move_type": "geofence_exit", "coordinates": [-113.486071, 53.453417, 4]}, "geometry": {"type": "Point", "coordinates": [-113.486071, 53.453417, 4]}, "id": "135406"}, {"type": "Feature", "properties": {"device_id": "00d0544f-fea6-11e9-9ab5-776f385c1306", "id": "135414", "timestamp": 1675871619.156, "date": "2023-02-08 15:53:39.156000", "move_type": "move_stop", "coordinates": [-79.6420386, 43.6562611, 4]}, "geometry": {"type": "Point", "coordinates": [-79.6420386, 43.6562611, 4]}, "id": "135414"}, {"type": "Feature", "properties": {"device_id": "a17cdc31-30c0-11ea-ad8a-37f5b00e5d13", "id": "135456", "timestamp": 1675871676.057, "date": "2023-02-08 15:54:36.057000", "move_type": "geofence_enter", "coordinates": [-79.668609, 43.81049, 4]}, "geometry": {"type": "Point", "coordinates": [-79.668609, 43.81049, 4]}, "id": "135456"}, {"type": "Feature", "properties": {"device_id": "4012889a-2f69-11eb-b007-d11c53dbbbe5", "id": "135500", "timestamp": 1675870591.631, "date": "2023-02-08 15:36:31.631000", "move_type": "move_stop", "coordinates": [-113.945552, 50.95587, 4]}, "geometry": {"type": "Point", "coordinates": [-113.945552, 50.95587, 4]}, "id": "135500"}, {"type": "Feature", "properties": {"device_id": "0ec4adc3-8aa5-11ec-8acd-81100b62c955", "id": "135521", "timestamp": 1675871211.503, "date": "2023-02-08 15:46:51.503000", "move_type": "geofence_exit", "coordinates": [-79.7476286, 43.7819137, 4]}, "geometry": {"type": "Point", "coordinates": [-79.7476286, 43.7819137, 4]}, "id": "135521"}, {"type": "Feature", "properties": {"device_id": "847285bd-37b4-11ea-ad87-7382a209401a", "id": "142006", "timestamp": 1675871647.783, "date": "2023-02-08 15:54:07.783000", "move_type": "move_stop", "coordinates": [-79.668789, 43.811687, 4]}, "geometry": {"type": "Point", "coordinates": [-79.668789, 43.811687, 4]}, "id": "142006"}, {"type": "Feature", "properties": {"device_id": "3e460e00-fcfb-11e9-b19c-bb3f8cadaaaf", "id": "142030", "timestamp": 1675870756.029, "date": "2023-02-08 15:39:16.029000", "move_type": "move_stop", "coordinates": [-79.8096176, 43.7186696, 4]}, "geometry": {"type": "Point", "coordinates": [-79.8096176, 43.7186696, 4]}, "id": "142030"}, {"type": "Feature", "properties": {"device_id": "ee51c136-0488-11ea-9ab5-776f385c1306", "id": "142050", "timestamp": 1675871642.24, "date": "2023-02-08 15:54:02.240000", "move_type": "geofence_exit", "coordinates": [-79.6641981, 43.7941387, 4]}, "geometry": {"type": "Point", "coordinates": [-79.6641981, 43.7941387, 4]}, "id": "142050"}, {"type": "Feature", "properties": {"device_id": "62c9cc31-6a42-11eb-b164-7fb9a3b1d19d", "id": "142103", "timestamp": 1675870535.776, "date": "2023-02-08 15:35:35.776000", "move_type": "move_stop", "coordinates": [-113.947721, 50.956674, 4]}, "geometry": {"type": "Point", "coordinates": [-113.947721, 50.956674, 4]}, "id": "142103"}, {"type": "Feature", "properties": {"device_id": "345b8f12-7fb0-11ec-8acd-81100b62c955", "id": "142117", "timestamp": 1675871407.651, "date": "2023-02-08 15:50:07.651000", "move_type": "move_start", "coordinates": [-113.950138, 50.95645, 4]}, "geometry": {"type": "Point", "coordinates": [-113.950138, 50.95645, 4]}, "id": "142117"}, {"type": "Feature", "properties": {"device_id": "8ebad046-f6d7-11e9-b19c-bb3f8cadaaaf", "id": "142256", "timestamp": 1675870852.189, "date": "2023-02-08 15:40:52.189000", "move_type": "move_stop", "coordinates": [-79.664094, 43.810152, 4]}, "geometry": {"type": "Point", "coordinates": [-79.664094, 43.810152, 4]}, "id": "142256"}, {"type": "Feature", "properties": {"device_id": "7dcc06d0-1b78-11ea-ad87-7382a209401a", "id": "142273", "timestamp": 1675871609.389, "date": "2023-02-08 15:53:29.389000", "move_type": "geofence_exit", "coordinates": [-79.673944, 43.816227, 4]}, "geometry": {"type": "Point", "coordinates": [-79.673944, 43.816227, 4]}, "id": "142273"}, {"type": "Feature", "properties": {"device_id": "e281c0f1-32f2-11ea-ad8a-37f5b00e5d13", "id": "142279", "timestamp": 1675871477.216, "date": "2023-02-08 15:51:17.216000", "move_type": "move_stop", "coordinates": [-79.669598, 43.818027, 4]}, "geometry": {"type": "Point", "coordinates": [-79.669598, 43.818027, 4]}, "id": "142279"}, {"type": "Feature", "properties": {"device_id": "7795fdc1-f863-11e9-ad8a-37f5b00e5d13", "id": "142303", "timestamp": 1675871706.0, "date": "2023-02-08 15:55:06", "move_type": "geofence_enter", "coordinates": [-79.667868, 43.810397, 4]}, "geometry": {"type": "Point", "coordinates": [-79.667868, 43.810397, 4]}, "id": "142303"}, {"type": "Feature", "properties": {"device_id": "ac1903cf-f6d8-11e9-9ab5-776f385c1306", "id": "142326", "timestamp": 1675870702.035, "date": "2023-02-08 15:38:22.035000", "move_type": "move_start", "coordinates": [-79.674004, 43.816445, 4]}, "geometry": {"type": "Point", "coordinates": [-79.674004, 43.816445, 4]}, "id": "142326"}, {"type": "Feature", "properties": {"device_id": "8eb72363-eb02-11ea-a55d-97c41250849c", "id": "142350", "timestamp": 1675870384.962, "date": "2023-02-08 15:33:04.962000", "move_type": "move_stop", "coordinates": [-79.522247, 43.82098, 4]}, "geometry": {"type": "Point", "coordinates": [-79.522247, 43.82098, 4]}, "id": "142350"}, {"type": "Feature", "properties": {"device_id": "734562a8-fb16-11e9-ad87-7382a209401a", "id": "142351", "timestamp": 1675871217.772, "date": "2023-02-08 15:46:57.772000", "move_type": "move_stop", "coordinates": [-79.574405, 43.704357, 4]}, "geometry": {"type": "Point", "coordinates": [-79.574405, 43.704357, 4]}, "id": "142351"}, {"type": "Feature", "properties": {"device_id": "2e565aaa-fa66-11e9-ad8a-37f5b00e5d13", "id": "142355", "timestamp": 1675869985.712, "date": "2023-02-08 15:26:25.712000", "move_type": "move_stop", "coordinates": [-79.669173, 43.812372, 4]}, "geometry": {"type": "Point", "coordinates": [-79.669173, 43.812372, 4]}, "id": "142355"}, {"type": "Feature", "properties": {"device_id": "58193421-2b31-11ea-9ab5-776f385c1306", "id": "142360", "timestamp": 1675872043.287, "date": "2023-02-08 16:00:43.287000", "move_type": "geofence_exit", "coordinates": [-79.63137, 43.7527265, 4]}, "geometry": {"type": "Point", "coordinates": [-79.63137, 43.7527265, 4]}, "id": "142360"}, {"type": "Feature", "properties": {"device_id": "8fe5287f-f541-11e9-9ab5-776f385c1306", "id": "142366", "timestamp": 1675871133.976, "date": "2023-02-08 15:45:33.976000", "move_type": "move_start", "coordinates": [-79.689485, 43.723302, 4]}, "geometry": {"type": "Point", "coordinates": [-79.689485, 43.723302, 4]}, "id": "142366"}, {"type": "Feature", "properties": {"device_id": "70bdc1f5-32f2-11ea-b19c-bb3f8cadaaaf", "id": "142372", "timestamp": 1675871357.794, "date": "2023-02-08 15:49:17.794000", "move_type": "move_stop", "coordinates": [-79.670796, 43.814424, 4]}, "geometry": {"type": "Point", "coordinates": [-79.670796, 43.814424, 4]}, "id": "142372"}, {"type": "Feature", "properties": {"device_id": "1839df23-fd1f-11e9-9ab5-776f385c1306", "id": "142374", "timestamp": 1675872516.406, "date": "2023-02-08 16:08:36.406000", "move_type": "move_start", "coordinates": [-79.578486, 43.604729, 4]}, "geometry": {"type": "Point", "coordinates": [-79.578486, 43.604729, 4]}, "id": "142374"}, {"type": "Feature", "properties": {"device_id": "156400dd-fda4-11e9-9ab5-776f385c1306", "id": "142377", "timestamp": 1675871004.239, "date": "2023-02-08 15:43:24.239000", "move_type": "move_start", "coordinates": [-80.208295, 43.489116, 4]}, "geometry": {"type": "Point", "coordinates": [-80.208295, 43.489116, 4]}, "id": "142377"}, {"type": "Feature", "properties": {"device_id": "ba9c3cdb-ff62-11e9-9ab5-776f385c1306", "id": "142405", "timestamp": 1675871299.097, "date": "2023-02-08 15:48:19.097000", "move_type": "geofence_exit", "coordinates": [-79.667549, 43.816763, 4]}, "geometry": {"type": "Point", "coordinates": [-79.667549, 43.816763, 4]}, "id": "142405"}, {"type": "Feature", "properties": {"device_id": "c35b472c-1e99-11ea-ad87-7382a209401a", "id": "142436", "timestamp": 1675870702.725, "date": "2023-02-08 15:38:22.725000", "move_type": "move_stop", "coordinates": [-80.3422, 43.160188, 4]}, "geometry": {"type": "Point", "coordinates": [-80.3422, 43.160188, 4]}, "id": "142436"}, {"type": "Feature", "properties": {"device_id": "ea3e2522-fea9-11e9-ad8a-37f5b00e5d13", "id": "142438", "timestamp": 1675870808.0, "date": "2023-02-08 15:40:08", "move_type": "geofence_enter", "coordinates": [-79.66879, 43.811007, 4]}, "geometry": {"type": "Point", "coordinates": [-79.66879, 43.811007, 4]}, "id": "142438"}, {"type": "Feature", "properties": {"device_id": "f3173e91-fcf3-11e9-b19c-bb3f8cadaaaf", "id": "142472", "timestamp": 1675870206.0, "date": "2023-02-08 15:30:06", "move_type": "geofence_exit", "coordinates": [-80.328404, 43.161978, 4]}, "geometry": {"type": "Point", "coordinates": [-80.328404, 43.161978, 4]}, "id": "142472"}, {"type": "Feature", "properties": {"device_id": "1562f573-e96f-11ea-b007-d11c53dbbbe5", "id": "142486", "timestamp": 1675871233.64, "date": "2023-02-08 15:47:13.640000", "move_type": "move_start", "coordinates": [-113.977044, 50.956117, 4]}, "geometry": {"type": "Point", "coordinates": [-113.977044, 50.956117, 4]}, "id": "142486"}, {"type": "Feature", "properties": {"device_id": "33cd90c8-0b15-11ea-b19c-bb3f8cadaaaf", "id": "142496", "timestamp": 1675872006.0, "date": "2023-02-08 16:00:06", "move_type": "geofence_exit", "coordinates": [-79.529709, 43.737202, 4]}, "geometry": {"type": "Point", "coordinates": [-79.529709, 43.737202, 4]}, "id": "142496"}, {"type": "Feature", "properties": {"device_id": "8d82e5a8-0752-11ea-b19c-bb3f8cadaaaf", "id": "142559", "timestamp": 1675871575.828, "date": "2023-02-08 15:52:55.828000", "move_type": "geofence_enter", "coordinates": [-79.662547, 43.805957, 4]}, "geometry": {"type": "Point", "coordinates": [-79.662547, 43.805957, 4]}, "id": "142559"}, {"type": "Feature", "properties": {"device_id": "3df19ef9-029c-11ea-ad8a-37f5b00e5d13", "id": "142593", "timestamp": 1675869902.379, "date": "2023-02-08 15:25:02.379000", "move_type": "move_stop", "coordinates": [-79.6098657, 43.763188, 4]}, "geometry": {"type": "Point", "coordinates": [-79.6098657, 43.763188, 4]}, "id": "142593"}, {"type": "Feature", "properties": {"device_id": "ea0c09a5-fee7-11eb-8acd-81100b62c955", "id": "142750", "timestamp": 1675870303.073, "date": "2023-02-08 15:31:43.073000", "move_type": "move_start", "coordinates": [-113.640107, 53.602562, 4]}, "geometry": {"type": "Point", "coordinates": [-113.640107, 53.602562, 4]}, "id": "142750"}, {"type": "Feature", "properties": {"device_id": "c286b628-5a6f-11eb-803f-455ee1527c27", "id": "142839", "timestamp": 1675870998.856, "date": "2023-02-08 15:43:18.856000", "move_type": "move_stop", "coordinates": [-113.955691, 50.982892, 4]}, "geometry": {"type": "Point", "coordinates": [-113.955691, 50.982892, 4]}, "id": "142839"}, {"type": "Feature", "properties": {"device_id": "bfe2cda2-0f9f-11ea-9ab5-776f385c1306", "id": "142988", "timestamp": 1675870863.677, "date": "2023-02-08 15:41:03.677000", "move_type": "geofence_exit", "coordinates": [-79.661924, 43.807094, 4]}, "geometry": {"type": "Point", "coordinates": [-79.661924, 43.807094, 4]}, "id": "142988"}, {"type": "Feature", "properties": {"device_id": "2a404b68-1b7d-11ea-ad87-7382a209401a", "id": "142992", "timestamp": 1675870240.258, "date": "2023-02-08 15:30:40.258000", "move_type": "move_stop", "coordinates": [-79.317163, 43.83471, 4]}, "geometry": {"type": "Point", "coordinates": [-79.317163, 43.83471, 4]}, "id": "142992"}, {"type": "Feature", "properties": {"device_id": "2bf482b3-e800-11ea-b007-d11c53dbbbe5", "id": "143009", "timestamp": 1675871897.105, "date": "2023-02-08 15:58:17.105000", "move_type": "geofence_exit", "coordinates": [-79.6388155, 43.8082137, 4]}, "geometry": {"type": "Point", "coordinates": [-79.6388155, 43.8082137, 4]}, "id": "143009"}, {"type": "Feature", "properties": {"device_id": "2b2cbaf2-1777-11ea-ad87-7382a209401a", "id": "143024", "timestamp": 1675870197.311, "date": "2023-02-08 15:29:57.311000", "move_type": "move_stop", "coordinates": [-80.248935, 43.15811, 4]}, "geometry": {"type": "Point", "coordinates": [-80.248935, 43.15811, 4]}, "id": "143024"}, {"type": "Feature", "properties": {"device_id": "7e502569-32f1-11ea-b19c-bb3f8cadaaaf", "id": "143032", "timestamp": 1675871548.652, "date": "2023-02-08 15:52:28.652000", "move_type": "move_stop", "coordinates": [-79.64324, 43.655217, 4]}, "geometry": {"type": "Point", "coordinates": [-79.64324, 43.655217, 4]}, "id": "143032"}, {"type": "Feature", "properties": {"device_id": "e3b49c57-1e9b-11ea-ad87-7382a209401a", "id": "143036", "timestamp": 1675871573.068, "date": "2023-02-08 15:52:53.068000", "move_type": "move_stop", "coordinates": [-80.380217, 43.7175498, 4]}, "geometry": {"type": "Point", "coordinates": [-80.380217, 43.7175498, 4]}, "id": "143036"}, {"type": "Feature", "properties": {"device_id": "5e4779a1-eaf9-11ea-b007-d11c53dbbbe5", "id": "143054", "timestamp": 1675871254.71, "date": "2023-02-08 15:47:34.710000", "move_type": "move_stop", "coordinates": [-79.688396, 43.645227, 4]}, "geometry": {"type": "Point", "coordinates": [-79.688396, 43.645227, 4]}, "id": "143054"}, {"type": "Feature", "properties": {"device_id": "da232890-916a-11eb-b164-7fb9a3b1d19d", "id": "143163", "timestamp": 1675870277.452, "date": "2023-02-08 15:31:17.452000", "move_type": "move_stop", "coordinates": [-79.667581, 43.744133, 4]}, "geometry": {"type": "Point", "coordinates": [-79.667581, 43.744133, 4]}, "id": "143163"}, {"type": "Feature", "properties": {"device_id": "8cd2fcdf-5a6b-11eb-803f-455ee1527c27", "id": "143185", "timestamp": 1675871492.351, "date": "2023-02-08 15:51:32.351000", "move_type": "move_start", "coordinates": [-113.993702, 51.306872, 4]}, "geometry": {"type": "Point", "coordinates": [-113.993702, 51.306872, 4]}, "id": "143185"}, {"type": "Feature", "properties": {"device_id": "752e773a-ea3f-11ea-b007-d11c53dbbbe5", "id": "143227", "timestamp": 1675871423.222, "date": "2023-02-08 15:50:23.222000", "move_type": "move_stop", "coordinates": [-113.94837, 50.956688, 4]}, "geometry": {"type": "Point", "coordinates": [-113.94837, 50.956688, 4]}, "id": "143227"}, {"type": "Feature", "properties": {"device_id": "9b0f37b7-fea7-11e9-9ab5-776f385c1306", "id": "143298", "timestamp": 1675871957.148, "date": "2023-02-08 15:59:17.148000", "move_type": "geofence_exit", "coordinates": [-79.6917958, 43.7471904, 4]}, "geometry": {"type": "Point", "coordinates": [-79.6917958, 43.7471904, 4]}, "id": "143298"}, {"type": "Feature", "properties": {"device_id": "99ddf1fb-0585-11ea-ad8a-37f5b00e5d13", "id": "143301", "timestamp": 1675870943.28, "date": "2023-02-08 15:42:23.280000", "move_type": "geofence_enter", "coordinates": [-79.6677441, 43.8105403, 4]}, "geometry": {"type": "Point", "coordinates": [-79.6677441, 43.8105403, 4]}, "id": "143301"}, {"type": "Feature", "properties": {"device_id": "68944902-243f-11eb-a55d-97c41250849c", "id": "143348", "timestamp": 1675871180.826, "date": "2023-02-08 15:46:20.826000", "move_type": "move_start", "coordinates": [-114.277331, 51.432714, 4]}, "geometry": {"type": "Point", "coordinates": [-114.277331, 51.432714, 4]}, "id": "143348"}, {"type": "Feature", "properties": {"device_id": "5496389f-28f9-11ea-b19c-bb3f8cadaaaf", "id": "143401", "timestamp": 1675870901.879, "date": "2023-02-08 15:41:41.879000", "move_type": "move_start", "coordinates": [-79.66749, 43.814743, 4]}, "geometry": {"type": "Point", "coordinates": [-79.66749, 43.814743, 4]}, "id": "143401"}, {"type": "Feature", "properties": {"device_id": "f8a01ceb-0634-11ea-b19c-bb3f8cadaaaf", "id": "143483", "timestamp": 1675872499.06, "date": "2023-02-08 16:08:19.060000", "move_type": "geofence_exit", "coordinates": [-79.6655216, 43.8121516, 4]}, "geometry": {"type": "Point", "coordinates": [-79.6655216, 43.8121516, 4]}, "id": "143483"}, {"type": "Feature", "properties": {"device_id": "14d2f07d-f86e-11e9-ad8a-37f5b00e5d13", "id": "143503", "timestamp": 1675871709.233, "date": "2023-02-08 15:55:09.233000", "move_type": "move_stop", "coordinates": [-79.667991, 43.684448, 4]}, "geometry": {"type": "Point", "coordinates": [-79.667991, 43.684448, 4]}, "id": "143503"}, {"type": "Feature", "properties": {"device_id": "21bc9381-0584-11ea-9ab5-776f385c1306", "id": "143623", "timestamp": 1675871087.661, "date": "2023-02-08 15:44:47.661000", "move_type": "move_stop", "coordinates": [-79.700881, 43.678655, 4]}, "geometry": {"type": "Point", "coordinates": [-79.700881, 43.678655, 4]}, "id": "143623"}, {"type": "Feature", "properties": {"device_id": "a390e8ce-28c6-11ea-ad8a-37f5b00e5d13", "id": "143671", "timestamp": 1675872451.644, "date": "2023-02-08 16:07:31.644000", "move_type": "move_start", "coordinates": [-79.668863, 43.809618, 4]}, "geometry": {"type": "Point", "coordinates": [-79.668863, 43.809618, 4]}, "id": "143671"}, {"type": "Feature", "properties": {"device_id": "3181fba4-f5f7-11e9-b19c-bb3f8cadaaaf", "id": "143672", "timestamp": 1675870401.418, "date": "2023-02-08 15:33:21.418000", "move_type": "geofence_exit", "coordinates": [-79.643217, 43.6558839, 4]}, "geometry": {"type": "Point", "coordinates": [-79.643217, 43.6558839, 4]}, "id": "143672"}, {"type": "Feature", "properties": {"device_id": "d25c67fd-ffdc-11e9-ad87-7382a209401a", "id": "143691", "timestamp": 1675871879.05, "date": "2023-02-08 15:57:59.050000", "move_type": "move_stop", "coordinates": [-80.207685, 44.076586, 4]}, "geometry": {"type": "Point", "coordinates": [-80.207685, 44.076586, 4]}, "id": "143691"}, {"type": "Feature", "properties": {"device_id": "d6f09537-d91a-11eb-bebe-6d76b3a402ca", "id": "143702", "timestamp": 1675784269.947, "date": "2023-02-07 15:37:49.947000", "move_type": "geofence_enter", "coordinates": [-79.670174, 43.81331, 4]}, "geometry": {"type": "Point", "coordinates": [-79.670174, 43.81331, 4]}, "id": "143702"}, {"type": "Feature", "properties": {"device_id": "1d8f984c-0a51-11ea-9ab5-776f385c1306", "id": "143722", "timestamp": 1675871471.0, "date": "2023-02-08 15:51:11", "move_type": "geofence_exit", "coordinates": [-79.669103, 43.809986, 4]}, "geometry": {"type": "Point", "coordinates": [-79.669103, 43.809986, 4]}, "id": "143722"}, {"type": "Feature", "properties": {"device_id": "19da2d6a-fa4f-11e9-b19c-bb3f8cadaaaf", "id": "143736", "timestamp": 1675871842.942, "date": "2023-02-08 15:57:22.942000", "move_type": "geofence_enter", "coordinates": [-79.667381, 43.810361, 4]}, "geometry": {"type": "Point", "coordinates": [-79.667381, 43.810361, 4]}, "id": "143736"}, {"type": "Feature", "properties": {"device_id": "13dcb012-1484-11ea-9ab5-776f385c1306", "id": "143746", "timestamp": 1675871571.458, "date": "2023-02-08 15:52:51.458000", "move_type": "move_stop", "coordinates": [-79.6626434, 43.8016217, 4]}, "geometry": {"type": "Point", "coordinates": [-79.6626434, 43.8016217, 4]}, "id": "143746"}, {"type": "Feature", "properties": {"device_id": "4d398d76-0edd-11ea-ad8a-37f5b00e5d13", "id": "143862", "timestamp": 1675872648.188, "date": "2023-02-08 16:10:48.188000", "move_type": "geofence_exit", "coordinates": [-79.6003713, 43.6853364, 4]}, "geometry": {"type": "Point", "coordinates": [-79.6003713, 43.6853364, 4]}, "id": "143862"}, {"type": "Feature", "properties": {"device_id": "d19f459d-ea54-11ea-b007-d11c53dbbbe5", "id": "143917", "timestamp": 1675871583.69, "date": "2023-02-08 15:53:03.690000", "move_type": "low_battery", "coordinates": [-114.004811, 51.150763, 4]}, "geometry": {"type": "Point", "coordinates": [-114.004811, 51.150763, 4]}, "id": "143917"}, {"type": "Feature", "properties": {"device_id": "525efb7a-5a72-11eb-803f-455ee1527c27", "id": "144000", "timestamp": 1675870520.031, "date": "2023-02-08 15:35:20.031000", "move_type": "move_stop", "coordinates": [-113.9452465, 50.9555096, 4]}, "geometry": {"type": "Point", "coordinates": [-113.9452465, 50.9555096, 4]}, "id": "144000"}, {"type": "Feature", "properties": {"device_id": "172f7145-a3c2-11eb-be1d-5b8344c1eb71", "id": "144032", "timestamp": 1675870654.097, "date": "2023-02-08 15:37:34.097000", "move_type": "move_start", "coordinates": [-79.350705, 43.713484, 4]}, "geometry": {"type": "Point", "coordinates": [-79.350705, 43.713484, 4]}, "id": "144032"}, {"type": "Feature", "properties": {"device_id": "daecc414-9100-11ec-8acd-81100b62c955", "id": "144042", "timestamp": 1675871724.8, "date": "2023-02-08 15:55:24.800000", "move_type": "move_stop", "coordinates": [-79.662634, 43.805906, 4]}, "geometry": {"type": "Point", "coordinates": [-79.662634, 43.805906, 4]}, "id": "144042"}, {"type": "Feature", "properties": {"device_id": "ecf0fec9-c651-11ec-8c37-dd4102f14805", "id": "144047", "timestamp": 1675870506.0, "date": "2023-02-08 15:35:06", "move_type": "geofence_exit", "coordinates": [-79.647504, 43.805957, 4]}, "geometry": {"type": "Point", "coordinates": [-79.647504, 43.805957, 4]}, "id": "144047"}, {"type": "Feature", "properties": {"device_id": "f1886edf-18b9-11ed-a26c-517d80f9b8da", "id": "144055", "timestamp": 1675871149.06, "date": "2023-02-08 15:45:49.060000", "move_type": "geofence_exit", "coordinates": [-79.669046, 43.803103, 4]}, "geometry": {"type": "Point", "coordinates": [-79.669046, 43.803103, 4]}, "id": "144055"}, {"type": "Feature", "properties": {"device_id": "44bd8276-2cf6-11ec-8acd-81100b62c955", "id": "144156", "timestamp": 1675870158.837, "date": "2023-02-08 15:29:18.837000", "move_type": "move_stop", "coordinates": [-79.6683034, 43.8091062, 4]}, "geometry": {"type": "Point", "coordinates": [-79.6683034, 43.8091062, 4]}, "id": "144156"}, {"type": "Feature", "properties": {"device_id": "24e80774-1c75-11ec-8ff6-db425ddf8ebd", "id": "144183", "timestamp": 1675871744.175, "date": "2023-02-08 15:55:44.175000", "move_type": "move_stop", "coordinates": [-79.742401, 43.863208, 4]}, "geometry": {"type": "Point", "coordinates": [-79.742401, 43.863208, 4]}, "id": "144183"}, {"type": "Feature", "properties": {"device_id": "f49217ef-68bf-11ec-8acd-81100b62c955", "id": "144184", "timestamp": 1675870029.728, "date": "2023-02-08 15:27:09.728000", "move_type": "move_stop", "coordinates": [-80.79641, 43.066254, 4]}, "geometry": {"type": "Point", "coordinates": [-80.79641, 43.066254, 4]}, "id": "144184"}, {"type": "Feature", "properties": {"device_id": "97ef6138-5c1c-11ec-89dd-07b11e1a15a7", "id": "144235", "timestamp": 1675871757.1, "date": "2023-02-08 15:55:57.100000", "move_type": "geofence_exit", "coordinates": [-80.056821, 44.1088322, 4]}, "geometry": {"type": "Point", "coordinates": [-80.056821, 44.1088322, 4]}, "id": "144235"}, {"type": "Feature", "properties": {"device_id": "ea98e64f-5ddc-11ec-8acd-81100b62c955", "id": "144290", "timestamp": 1675870586.34, "date": "2023-02-08 15:36:26.340000", "move_type": "geofence_enter", "coordinates": [-79.579893, 43.603541, 4]}, "geometry": {"type": "Point", "coordinates": [-79.579893, 43.603541, 4]}, "id": "144290"}, {"type": "Feature", "properties": {"device_id": "e61293fe-5ddf-11ec-8ff6-db425ddf8ebd", "id": "144298", "timestamp": 1675870448.708, "date": "2023-02-08 15:34:08.708000", "move_type": "move_stop", "coordinates": [-79.668844, 43.817211, 4]}, "geometry": {"type": "Point", "coordinates": [-79.668844, 43.817211, 4]}, "id": "144298"}, {"type": "Feature", "properties": {"device_id": "3b9e9171-5784-11ec-8ff6-db425ddf8ebd", "id": "144320", "timestamp": 1675870206.0, "date": "2023-02-08 15:30:06", "move_type": "geofence_enter", "coordinates": [-79.666717, 43.810317, 4]}, "geometry": {"type": "Point", "coordinates": [-79.666717, 43.810317, 4]}, "id": "144320"}, {"type": "Feature", "properties": {"device_id": "957f4a65-5ddf-11ec-89dd-07b11e1a15a7", "id": "144366", "timestamp": 1675870782.769, "date": "2023-02-08 15:39:42.769000", "move_type": "move_stop", "coordinates": [-79.765033, 43.241296, 4]}, "geometry": {"type": "Point", "coordinates": [-79.765033, 43.241296, 4]}, "id": "144366"}, {"type": "Feature", "properties": {"device_id": "1633be45-59c2-11ec-89dd-07b11e1a15a7", "id": "144385", "timestamp": 1675870507.0, "date": "2023-02-08 15:35:07", "move_type": "geofence_enter", "coordinates": [-79.723011, 43.705891, 4]}, "geometry": {"type": "Point", "coordinates": [-79.723011, 43.705891, 4]}, "id": "144385"}, {"type": "Feature", "properties": {"device_id": "692ab94e-8071-11ec-8ff6-db425ddf8ebd", "id": "144420", "timestamp": 1675870161.068, "date": "2023-02-08 15:29:21.068000", "move_type": "move_stop", "coordinates": [-79.672161, 43.640296, 4]}, "geometry": {"type": "Point", "coordinates": [-79.672161, 43.640296, 4]}, "id": "144420"}, {"type": "Feature", "properties": {"device_id": "fcaf68a3-7d5c-11ec-8ff6-db425ddf8ebd", "id": "144422", "timestamp": 1675872091.81, "date": "2023-02-08 16:01:31.810000", "move_type": "geofence_enter", "coordinates": [-113.600165, 53.574035, 4]}, "geometry": {"type": "Point", "coordinates": [-113.600165, 53.574035, 4]}, "id": "144422"}, {"type": "Feature", "properties": {"device_id": "0602b7e3-82dc-11ec-8ff6-db425ddf8ebd", "id": "144441", "timestamp": 1675871404.0, "date": "2023-02-08 15:50:04", "move_type": "geofence_exit", "coordinates": [-79.672006, 43.817095, 4]}, "geometry": {"type": "Point", "coordinates": [-79.672006, 43.817095, 4]}, "id": "144441"}, {"type": "Feature", "properties": {"device_id": "1d1d96e7-7fb1-11ec-8ff6-db425ddf8ebd", "id": "144443", "timestamp": 1675871390.883, "date": "2023-02-08 15:49:50.883000", "move_type": "move_stop", "coordinates": [-113.487628, 53.47283, 4]}, "geometry": {"type": "Point", "coordinates": [-113.487628, 53.47283, 4]}, "id": "144443"}, {"type": "Feature", "properties": {"device_id": "efb24eec-6133-11ed-a26c-517d80f9b8da", "id": "144495", "timestamp": 1675871042.202, "date": "2023-02-08 15:44:02.202000", "move_type": "move_stop", "coordinates": [-79.515952, 43.777765, 4]}, "geometry": {"type": "Point", "coordinates": [-79.515952, 43.777765, 4]}, "id": "144495"}, {"type": "Feature", "properties": {"device_id": "82c56d72-6f40-11ed-b448-5193669ee99f", "id": "144569", "timestamp": 1675872072.975, "date": "2023-02-08 16:01:12.975000", "move_type": "geofence_exit", "coordinates": [-79.6418949, 43.7042735, 4]}, "geometry": {"type": "Point", "coordinates": [-79.6418949, 43.7042735, 4]}, "id": "144569"}, {"type": "Feature", "properties": {"device_id": "211310c1-846a-11ec-8acd-81100b62c955", "id": "144723", "timestamp": 1675869937.494, "date": "2023-02-08 15:25:37.494000", "move_type": "move_start", "coordinates": [-80.24511, 43.432438, 4]}, "geometry": {"type": "Point", "coordinates": [-80.24511, 43.432438, 4]}, "id": "144723"}, {"type": "Feature", "properties": {"device_id": "bc6294b0-9684-11ed-8c37-dd4102f14805", "id": "144818", "timestamp": 1675871404.0, "date": "2023-02-08 15:50:04", "move_type": "geofence_exit", "coordinates": [-79.668829, 43.655515, 4]}, "geometry": {"type": "Point", "coordinates": [-79.668829, 43.655515, 4]}, "id": "144818"}, {"type": "Feature", "properties": {"device_id": "d9b44eec-8215-11ed-a26c-517d80f9b8da", "id": "144832", "timestamp": 1675871363.122, "date": "2023-02-08 15:49:23.122000", "move_type": "move_stop", "coordinates": [-79.6629961, 43.807095, 4]}, "geometry": {"type": "Point", "coordinates": [-79.6629961, 43.807095, 4]}, "id": "144832"}, {"type": "Feature", "properties": {"device_id": "f5b056db-e5ad-11ec-a26c-517d80f9b8da", "id": "144878", "timestamp": 1675870921.351, "date": "2023-02-08 15:42:01.351000", "move_type": "move_stop", "coordinates": [-80.638494, 43.275684, 4]}, "geometry": {"type": "Point", "coordinates": [-80.638494, 43.275684, 4]}, "id": "144878"}, {"type": "Feature", "properties": {"device_id": "16da0bda-aecd-11ec-8acd-81100b62c955", "id": "144901", "timestamp": 1675870028.281, "date": "2023-02-08 15:27:08.281000", "move_type": "move_stop", "coordinates": [-73.7071683, 45.4523723, 4]}, "geometry": {"type": "Point", "coordinates": [-73.7071683, 45.4523723, 4]}, "id": "144901"}, {"type": "Feature", "properties": {"device_id": "f679be1b-ac74-11ec-8acd-81100b62c955", "id": "144912", "timestamp": 1675871633.252, "date": "2023-02-08 15:53:53.252000", "move_type": "geofence_enter", "coordinates": [-79.627467, 43.706014, 4]}, "geometry": {"type": "Point", "coordinates": [-79.627467, 43.706014, 4]}, "id": "144912"}, {"type": "Feature", "properties": {"device_id": "8467ab2e-1f04-11ed-a26c-517d80f9b8da", "id": "144919", "timestamp": 1675871157.072, "date": "2023-02-08 15:45:57.072000", "move_type": "move_stop", "coordinates": [-79.7005591, 43.6789849, 4]}, "geometry": {"type": "Point", "coordinates": [-79.7005591, 43.6789849, 4]}, "id": "144919"}, {"type": "Feature", "properties": {"device_id": "094e2061-f0b3-11ec-8c37-dd4102f14805", "id": "144923", "timestamp": 1675870537.76, "date": "2023-02-08 15:35:37.760000", "move_type": "move_start", "coordinates": [-79.591424, 43.714413, 4]}, "geometry": {"type": "Point", "coordinates": [-79.591424, 43.714413, 4]}, "id": "144923"}, {"type": "Feature", "properties": {"device_id": "e0b4d958-2934-11ed-a26c-517d80f9b8da", "id": "144953", "timestamp": 1675870561.542, "date": "2023-02-08 15:36:01.542000", "move_type": "move_start", "coordinates": [-79.504859, 43.816147, 4]}, "geometry": {"type": "Point", "coordinates": [-79.504859, 43.816147, 4]}, "id": "144953"}, {"type": "Feature", "properties": {"device_id": "a64682a9-2de6-11ed-a26c-517d80f9b8da", "id": "144957", "timestamp": 1675871108.192, "date": "2023-02-08 15:45:08.192000", "move_type": "move_stop", "coordinates": [-79.66904, 43.8097, 4]}, "geometry": {"type": "Point", "coordinates": [-79.66904, 43.8097, 4]}, "id": "144957"}, {"type": "Feature", "properties": {"device_id": "9d6aa63c-2e10-11ed-8c37-dd4102f14805", "id": "144959", "timestamp": 1675870809.0, "date": "2023-02-08 15:40:09", "move_type": "geofence_exit", "coordinates": [-79.643085, 43.655778, 4]}, "geometry": {"type": "Point", "coordinates": [-79.643085, 43.655778, 4]}, "id": "144959"}, {"type": "Feature", "properties": {"device_id": "0f406e34-9c2f-11ed-b448-5193669ee99f", "id": "145002", "timestamp": 1675870954.045, "date": "2023-02-08 15:42:34.045000", "move_type": "move_stop", "coordinates": [-79.668499, 43.810492, 4]}, "geometry": {"type": "Point", "coordinates": [-79.668499, 43.810492, 4]}, "id": "145002"}, {"type": "Feature", "properties": {"device_id": "bd667792-9c27-11ed-b448-5193669ee99f", "id": "145008", "timestamp": 1675869954.435, "date": "2023-02-08 15:25:54.435000", "move_type": "move_stop", "coordinates": [-79.259011, 43.820568, 4]}, "geometry": {"type": "Point", "coordinates": [-79.259011, 43.820568, 4]}, "id": "145008"}, {"type": "Feature", "properties": {"device_id": "ce90bf41-9c2c-11ed-b448-5193669ee99f", "id": "145047", "timestamp": 1675870444.0, "date": "2023-02-08 15:34:04", "move_type": "geofence_exit", "coordinates": [-73.713372, 45.469037, 4]}, "geometry": {"type": "Point", "coordinates": [-73.713372, 45.469037, 4]}, "id": "145047"}, {"type": "Feature", "properties": {"device_id": "1b2c5af5-0ef5-11eb-b007-d11c53dbbbe5", "id": "161000", "timestamp": 1675869919.666, "date": "2023-02-08 15:25:19.666000", "move_type": "move_start", "coordinates": [-113.938538, 52.02716, 4]}, "geometry": {"type": "Point", "coordinates": [-113.938538, 52.02716, 4]}, "id": "161000"}, {"type": "Feature", "properties": {"device_id": "222cab38-1248-11eb-a55d-97c41250849c", "id": "161012", "timestamp": 1675871284.218, "date": "2023-02-08 15:48:04.218000", "move_type": "geofence_enter", "coordinates": [-113.942904, 50.955119, 4]}, "geometry": {"type": "Point", "coordinates": [-113.942904, 50.955119, 4]}, "id": "161012"}, {"type": "Feature", "properties": {"device_id": "1f89457e-0357-11eb-b007-d11c53dbbbe5", "id": "161064", "timestamp": 1675871653.55, "date": "2023-02-08 15:54:13.550000", "move_type": "move_stop", "coordinates": [-113.952384, 50.951722, 4]}, "geometry": {"type": "Point", "coordinates": [-113.952384, 50.951722, 4]}, "id": "161064"}, {"type": "Feature", "properties": {"device_id": "22a0ee40-4008-11eb-8e58-8d6dfd10b82d", "id": "182014", "timestamp": 1675872442.421, "date": "2023-02-08 16:07:22.421000", "move_type": "battery_in", "coordinates": [-79.6633491, 43.8103029, 4]}, "geometry": {"type": "Point", "coordinates": [-79.6633491, 43.8103029, 4]}, "id": "182014"}, {"type": "Feature", "properties": {"device_id": "a3fa788c-e7fb-11ea-a55d-97c41250849c", "id": "182030", "timestamp": 1675871522.438, "date": "2023-02-08 15:52:02.438000", "move_type": "move_start", "coordinates": [-79.667935, 43.807755, 4]}, "geometry": {"type": "Point", "coordinates": [-79.667935, 43.807755, 4]}, "id": "182030"}, {"type": "Feature", "properties": {"device_id": "11e59f06-ee44-11eb-b164-7fb9a3b1d19d", "id": "182033", "timestamp": 1675870580.084, "date": "2023-02-08 15:36:20.084000", "move_type": "move_stop", "coordinates": [-79.667354, 43.817105, 4]}, "geometry": {"type": "Point", "coordinates": [-79.667354, 43.817105, 4]}, "id": "182033"}, {"type": "Feature", "properties": {"device_id": "891587a1-32f4-11ea-b19c-bb3f8cadaaaf", "id": "192009", "timestamp": 1675871400.401, "date": "2023-02-08 15:50:00.401000", "move_type": "move_stop", "coordinates": [-79.665395, 43.812235, 4]}, "geometry": {"type": "Point", "coordinates": [-79.665395, 43.812235, 4]}, "id": "192009"}, {"type": "Feature", "properties": {"device_id": "83c200d2-c3d2-11eb-be1d-5b8344c1eb71", "id": "195001", "timestamp": 1675871407.0, "date": "2023-02-08 15:50:07", "move_type": "geofence_exit", "coordinates": [-79.670411, 43.681052, 4]}, "geometry": {"type": "Point", "coordinates": [-79.670411, 43.681052, 4]}, "id": "195001"}, {"type": "Feature", "properties": {"device_id": "dda4af56-1fae-11eb-b007-d11c53dbbbe5", "id": "195032", "timestamp": 1675871267.592, "date": "2023-02-08 15:47:47.592000", "move_type": "move_stop", "coordinates": [-114.005918, 51.004249, 4]}, "geometry": {"type": "Point", "coordinates": [-114.005918, 51.004249, 4]}, "id": "195032"}, {"type": "Feature", "properties": {"device_id": "da828883-09aa-11eb-a55d-97c41250849c", "id": "195038", "timestamp": 1675870709.336, "date": "2023-02-08 15:38:29.336000", "move_type": "move_stop", "coordinates": [-113.9504285, 50.9589388, 4]}, "geometry": {"type": "Point", "coordinates": [-113.9504285, 50.9589388, 4]}, "id": "195038"}, {"type": "Feature", "properties": {"device_id": "67e73437-3891-11ea-ad8a-37f5b00e5d13", "id": "195044", "timestamp": 1675870323.501, "date": "2023-02-08 15:32:03.501000", "move_type": "move_stop", "coordinates": [-79.666297, 43.809245, 4]}, "geometry": {"type": "Point", "coordinates": [-79.666297, 43.809245, 4]}, "id": "195044"}, {"type": "Feature", "properties": {"device_id": "8ca79293-33ed-11eb-a349-737b2bdb208a", "id": "195065", "timestamp": 1675870971.205, "date": "2023-02-08 15:42:51.205000", "move_type": "move_start", "coordinates": [-113.637223, 53.512266, 4]}, "geometry": {"type": "Point", "coordinates": [-113.637223, 53.512266, 4]}, "id": "195065"}, {"type": "Feature", "properties": {"device_id": "4a8bc21d-073b-11eb-a349-737b2bdb208a", "id": "195216", "timestamp": 1675871606.253, "date": "2023-02-08 15:53:26.253000", "move_type": "move_start", "coordinates": [-112.452788, 50.7847, 4]}, "geometry": {"type": "Point", "coordinates": [-112.452788, 50.7847, 4]}, "id": "195216"}, {"type": "Feature", "properties": {"device_id": "e45d865b-72df-11eb-b164-7fb9a3b1d19d", "id": "195225", "timestamp": 1675870140.707, "date": "2023-02-08 15:29:00.707000", "move_type": "move_stop", "coordinates": [-113.489376, 53.492981, 4]}, "geometry": {"type": "Point", "coordinates": [-113.489376, 53.492981, 4]}, "id": "195225"}, {"type": "Feature", "properties": {"device_id": "0673afaa-f869-11e9-ad8a-37f5b00e5d13", "id": "195355", "timestamp": 1675871981.245, "date": "2023-02-08 15:59:41.245000", "move_type": "geofence_exit", "coordinates": [-79.6048992, 43.6641054, 4]}, "geometry": {"type": "Point", "coordinates": [-79.6048992, 43.6641054, 4]}, "id": "195355"}, {"type": "Feature", "properties": {"device_id": "8cf5a38a-3363-11ec-89dd-07b11e1a15a7", "id": "404523", "timestamp": 1675869940.864, "date": "2023-02-08 15:25:40.864000", "move_type": "move_stop", "coordinates": [-74.169662, 40.667221, 4]}, "geometry": {"type": "Point", "coordinates": [-74.169662, 40.667221, 4]}, "id": "404523"}, {"type": "Feature", "properties": {"device_id": "216f45e8-1f74-11eb-a55d-97c41250849c", "id": "CPPU732382", "timestamp": 1675870347.778, "date": "2023-02-08 15:32:27.778000", "move_type": "move_start", "coordinates": [-104.775371, 50.43466, 4]}, "geometry": {"type": "Point", "coordinates": [-104.775371, 50.43466, 4]}, "id": "CPPU732382"}, {"type": "Feature", "properties": {"device_id": "9c78515f-2e64-11eb-a349-737b2bdb208a", "id": "CPPU732485", "timestamp": 1675871105.0, "date": "2023-02-08 15:45:05", "move_type": "geofence_enter", "coordinates": [-66.106865, 45.257756, 4]}, "geometry": {"type": "Point", "coordinates": [-66.106865, 45.257756, 4]}, "id": "CPPU732485"}, {"type": "Feature", "properties": {"device_id": "a900ef11-ae9a-11ec-8acd-81100b62c955", "id": "CPPZ144609", "timestamp": 1675871335.816, "date": "2023-02-08 15:48:55.816000", "move_type": "move_stop", "coordinates": [-111.36253, 49.872716, 4]}, "geometry": {"type": "Point", "coordinates": [-111.36253, 49.872716, 4]}, "id": "CPPZ144609"}]}
